{"nm":"Eye","ddd":0,"h":192,"w":192,"meta":{"g":"LottieFiles AE 0.1.21"},"layers":[{"ty":4,"nm":"Eye Outlines 2","sr":1,"st":0,"op":899.000036617021,"ip":0,"hd":false,"ddd":0,"bm":0,"hasMask":false,"td":1,"ao":0,"ks":{"a":{"a":0,"k":[82.167,54.968,0],"ix":1},"s":{"a":0,"k":[100,100,100],"ix":6},"sk":{"a":0,"k":0},"p":{"a":0,"k":[96,96,0],"ix":2},"r":{"a":0,"k":0,"ix":10},"sa":{"a":0,"k":0},"o":{"a":0,"k":100,"ix":11}},"ef":[],"shapes":[{"ty":"gr","bm":0,"hd":false,"mn":"ADBE Vector Group","nm":"Group 1","ix":1,"cix":2,"np":3,"it":[{"ty":"sh","bm":0,"hd":false,"mn":"ADBE Vector Shape - Group","nm":"Path 1","ix":1,"d":1,"ks":{"a":1,"k":[{"o":{"x":0.333,"y":0},"i":{"x":0.376,"y":1},"s":[{"c":true,"i":[[27.965,0],[14.416,-25.498],[-27.994,0],[-14.416,25.498]],"o":[[-27.965,0],[14.416,25.498],[27.994,0],[-14.416,-25.498]],"v":[[-0.015,-40.801],[-68,0],[0.014,40.801],[68,0]]}],"t":6},{"o":{"x":0.333,"y":0},"i":{"x":0.376,"y":1},"s":[{"c":true,"i":[[27.965,0],[40.25,0],[-27.994,0],[-15.25,-0.25]],"o":[[-27.965,0],[35.5,0],[27.994,0],[-27.475,-0.276]],"v":[[0.064,-0.051],[-68,0],[0.111,0.051],[68,0]]}],"t":11},{"s":[{"c":true,"i":[[27.965,0],[14.416,-25.498],[-27.994,0],[-14.416,25.498]],"o":[[-27.965,0],[14.416,25.498],[27.994,0],[-14.416,-25.498]],"v":[[-0.015,-40.801],[-68,0],[0.014,40.801],[68,0]]}],"t":16.0000006516934}],"ix":2}},{"ty":"st","bm":0,"hd":false,"mn":"ADBE Vector Graphic - Stroke","nm":"Stroke 1","lc":2,"lj":2,"ml":1,"o":{"a":0,"k":100,"ix":4},"w":{"a":0,"k":5.667,"ix":5},"c":{"a":0,"k":[0,0,0],"ix":3}},{"ty":"fl","bm":0,"hd":false,"mn":"ADBE Vector Graphic - Fill","nm":"Fill 1","c":{"a":0,"k":[1,1,1],"ix":4},"r":1,"o":{"a":0,"k":100,"ix":5}},{"ty":"tr","a":{"a":0,"k":[0,0],"ix":1},"s":{"a":0,"k":[100,100],"ix":3},"sk":{"a":0,"k":0,"ix":4},"p":{"a":0,"k":[82.167,54.968],"ix":2},"r":{"a":0,"k":0,"ix":6},"sa":{"a":0,"k":0,"ix":5},"o":{"a":0,"k":100,"ix":7}}]}],"ind":1},{"ty":4,"nm":"Eye ball Outlines","sr":1,"st":0,"op":899.000036617021,"ip":0,"hd":false,"ddd":0,"bm":0,"tt":1,"hasMask":false,"ao":0,"ks":{"a":{"a":0,"k":[36.136,36.136,0],"ix":1},"s":{"a":0,"k":[800,800,100],"ix":6},"sk":{"a":0,"k":0},"p":{"a":0,"k":[-512.002,-528,0],"ix":2},"r":{"a":0,"k":0,"ix":10},"sa":{"a":0,"k":0},"o":{"a":0,"k":100,"ix":11}},"ef":[],"shapes":[{"ty":"gr","bm":0,"hd":false,"mn":"ADBE Vector Group","nm":"Group 1","ix":1,"cix":2,"np":2,"it":[{"ty":"sh","bm":0,"hd":false,"mn":"ADBE Vector Shape - Group","nm":"Path 1","ix":1,"d":1,"ks":{"a":0,"k":{"c":true,"i":[[0,-4.974],[0.1,-0.854],[11.253,0],[1.359,0.264],[2.343,1.541],[0,7.683],[-12.133,0],[-4.011,-5.3]],"o":[[0,0.88],[-1.286,10.907],[-1.437,0],[-2.853,-0.551],[-5.973,-3.927],[0,-12.133],[7.159,0],[2.787,3.682]],"v":[[21.969,0],[21.817,2.602],[0,21.969],[-4.201,21.567],[-12.053,18.37],[-21.969,0],[0,-21.969],[17.53,-13.245]]},"ix":2}},{"ty":"st","bm":0,"hd":false,"mn":"ADBE Vector Graphic - Stroke","nm":"Stroke 1","lc":2,"lj":2,"ml":1,"o":{"a":0,"k":100,"ix":4},"w":{"a":0,"k":5.667,"ix":5},"c":{"a":0,"k":[0,0,0],"ix":3}},{"ty":"tr","a":{"a":0,"k":[0,0],"ix":1},"s":{"a":0,"k":[100,100],"ix":3},"sk":{"a":0,"k":0,"ix":4},"p":{"a":0,"k":[36.136,36.136],"ix":2},"r":{"a":0,"k":0,"ix":6},"sa":{"a":0,"k":0,"ix":5},"o":{"a":0,"k":100,"ix":7}}]}],"ind":2,"parent":4},{"ty":4,"nm":"Eye Outlines","sr":1,"st":0,"op":899.000036617021,"ip":0,"hd":false,"ddd":0,"bm":0,"hasMask":false,"ao":0,"ks":{"a":{"a":0,"k":[82.167,54.968,0],"ix":1},"s":{"a":0,"k":[100,100,100],"ix":6},"sk":{"a":0,"k":0},"p":{"a":0,"k":[96,96,0],"ix":2},"r":{"a":0,"k":0,"ix":10},"sa":{"a":0,"k":0},"o":{"a":0,"k":100,"ix":11}},"ef":[],"shapes":[{"ty":"gr","bm":0,"hd":false,"mn":"ADBE Vector Group","nm":"Group 1","ix":1,"cix":2,"np":3,"it":[{"ty":"sh","bm":0,"hd":false,"mn":"ADBE Vector Shape - Group","nm":"Path 1","ix":1,"d":1,"ks":{"a":1,"k":[{"o":{"x":0.333,"y":0},"i":{"x":0.376,"y":1},"s":[{"c":true,"i":[[27.965,0],[14.416,-25.498],[-27.994,0],[-14.416,25.498]],"o":[[-27.965,0],[14.416,25.498],[27.994,0],[-14.416,-25.498]],"v":[[-0.015,-40.801],[-68,0],[0.014,40.801],[68,0]]}],"t":6},{"o":{"x":0.333,"y":0},"i":{"x":0.376,"y":1},"s":[{"c":true,"i":[[27.965,0],[40.25,0],[-27.994,0],[-15.25,-0.25]],"o":[[-27.965,0],[35.5,0],[27.994,0],[-27.475,-0.276]],"v":[[0.064,-0.051],[-68,0],[0.111,0.051],[68,0]]}],"t":11},{"s":[{"c":true,"i":[[27.965,0],[14.416,-25.498],[-27.994,0],[-14.416,25.498]],"o":[[-27.965,0],[14.416,25.498],[27.994,0],[-14.416,-25.498]],"v":[[-0.015,-40.801],[-68,0],[0.014,40.801],[68,0]]}],"t":16.0000006516934}],"ix":2}},{"ty":"st","bm":0,"hd":false,"mn":"ADBE Vector Graphic - Stroke","nm":"Stroke 1","lc":2,"lj":2,"ml":1,"o":{"a":0,"k":100,"ix":4},"w":{"a":0,"k":5.667,"ix":5},"c":{"a":0,"k":[0,0,0],"ix":3}},{"ty":"fl","bm":0,"hd":false,"mn":"ADBE Vector Graphic - Fill","nm":"Fill 1","c":{"a":0,"k":[1,1,1],"ix":4},"r":1,"o":{"a":0,"k":100,"ix":5}},{"ty":"tr","a":{"a":0,"k":[0,0],"ix":1},"s":{"a":0,"k":[100,100],"ix":3},"sk":{"a":0,"k":0,"ix":4},"p":{"a":0,"k":[82.167,54.968],"ix":2},"r":{"a":0,"k":0,"ix":6},"sa":{"a":0,"k":0,"ix":5},"o":{"a":0,"k":100,"ix":7}}]}],"ind":3},{"ty":3,"nm":"Eye control","sr":1,"st":0,"op":899.000036617021,"ip":0,"hd":false,"ddd":0,"bm":0,"hasMask":false,"ao":0,"ks":{"a":{"a":0,"k":[50,50,0],"ix":1},"s":{"a":1,"k":[{"o":{"x":0.333,"y":0},"i":{"x":0.667,"y":1},"s":[12.5,12.5,100],"t":21},{"o":{"x":0.333,"y":0},"i":{"x":0.667,"y":1},"s":[11.5,12.5,100],"t":26.25},{"o":{"x":0.333,"y":0},"i":{"x":0.667,"y":1},"s":[11.5,12.5,100],"t":36.75},{"s":[12.5,12.5,100],"t":42.0000017106951}],"ix":6},"sk":{"a":0,"k":0},"p":{"s":true,"x":{"a":1,"k":[{"o":{"x":0.247,"y":0.001},"i":{"x":0.117,"y":1},"s":[166.625],"t":21},{"o":{"x":0.784,"y":0},"i":{"x":0.329,"y":1},"s":[142.25],"t":26.25},{"o":{"x":0.858,"y":-0.034},"i":{"x":0.667,"y":1},"s":[188.733],"t":36.75},{"s":[166.625],"t":42.0000017106951}],"ix":3},"y":{"a":0,"k":168.25,"ix":4}},"r":{"a":0,"k":0,"ix":10},"sa":{"a":0,"k":0},"o":{"a":0,"k":0,"ix":11}},"ef":[],"ind":4}],"v":"5.5.7","fr":29.9700012207031,"op":48.0000019550801,"ip":0,"assets":[]}