{"nm":"Share","ddd":0,"h":109,"w":110,"meta":{"g":"@lottiefiles/toolkit-js 0.25.8"},"layers":[{"ty":3,"nm":"2","sr":1,"st":0,"op":91,"ip":0,"hd":false,"ddd":0,"bm":0,"hasMask":false,"ao":0,"ks":{"a":{"a":0,"k":[0,0,0],"ix":1},"s":{"a":0,"k":[100,100,100],"ix":6},"sk":{"a":0,"k":0},"p":{"a":0,"k":[28.5,53.5,0],"ix":2},"r":{"a":1,"k":[{"o":{"x":1,"y":-0.028},"i":{"x":0.667,"y":1},"s":[0],"t":0},{"o":{"x":0.333,"y":0},"i":{"x":0.833,"y":1},"s":[34],"t":19},{"o":{"x":0.167,"y":0},"i":{"x":0.667,"y":1},"s":[34],"t":36},{"s":[0],"t":45}],"ix":10},"sa":{"a":0,"k":0},"o":{"a":0,"k":0,"ix":11}},"ef":[],"ind":1},{"ty":3,"nm":"Nulo 3","sr":1,"st":0,"op":91,"ip":0,"hd":false,"ddd":0,"bm":0,"hasMask":false,"ao":0,"ks":{"a":{"a":0,"k":[0,0,0],"ix":1},"s":{"a":0,"k":[100,100,100],"ix":6},"sk":{"a":0,"k":0},"p":{"a":0,"k":[28.5,53.5,0],"ix":2},"r":{"a":1,"k":[{"o":{"x":0.925,"y":0.021},"i":{"x":0.667,"y":1},"s":[0],"t":0},{"o":{"x":0.333,"y":0},"i":{"x":0.833,"y":1},"s":[-34],"t":19},{"o":{"x":0.167,"y":0},"i":{"x":0.667,"y":1},"s":[-34],"t":36},{"s":[0],"t":45}],"ix":10},"sa":{"a":0,"k":0},"o":{"a":0,"k":0,"ix":11}},"ef":[],"ind":2},{"ty":4,"nm":"Capa de formas 7","sr":1,"st":0,"op":91,"ip":0,"hd":false,"ddd":0,"bm":0,"hasMask":false,"ao":0,"ks":{"a":{"a":0,"k":[-14,8.75,0],"ix":1},"s":{"a":0,"k":[100,100,100],"ix":6},"sk":{"a":0,"k":0},"p":{"a":0,"k":[15.5,76.75,0],"ix":2},"r":{"a":0,"k":-31.392,"ix":10},"sa":{"a":0,"k":0},"o":{"a":0,"k":100,"ix":11}},"ef":[],"shapes":[{"ty":"gr","bm":0,"hd":false,"mn":"ADBE Vector Group","nm":"Forma 1","ix":1,"cix":2,"np":4,"it":[{"ty":"sh","bm":0,"hd":false,"mn":"ADBE Vector Shape - Group","nm":"Trazado 2","ix":1,"d":1,"ks":{"a":0,"k":{"c":true,"i":[[0,0],[0,0]],"o":[[0,0],[0,0]],"v":[[-22.023,9.309],[57.198,57.976]]},"ix":2}},{"ty":"tm","bm":0,"hd":false,"mn":"ADBE Vector Filter - Trim","nm":"Recortar trazados 1","ix":2,"e":{"a":1,"k":[{"o":{"x":0.333,"y":0},"i":{"x":0.833,"y":1},"s":[0],"t":10},{"s":[100],"t":19}],"ix":2},"o":{"a":1,"k":[{"o":{"x":0.167,"y":0.167},"i":{"x":0.833,"y":0.833},"s":[0],"t":19},{"s":[180],"t":24}],"ix":3},"s":{"a":1,"k":[{"o":{"x":0.333,"y":0},"i":{"x":0,"y":0.982},"s":[0],"t":22},{"s":[100],"t":34}],"ix":1},"m":1},{"ty":"st","bm":0,"hd":false,"mn":"ADBE Vector Graphic - Stroke","nm":"Trazo 1","lc":2,"lj":2,"ml":1,"o":{"a":0,"k":100,"ix":4},"w":{"a":0,"k":5,"ix":5},"c":{"a":0,"k":[0,0,0],"ix":3}},{"ty":"tr","a":{"a":0,"k":[0,0],"ix":1},"s":{"a":0,"k":[100,100],"ix":3},"sk":{"a":0,"k":0,"ix":4},"p":{"a":0,"k":[0,0],"ix":2},"r":{"a":0,"k":0,"ix":6},"sa":{"a":0,"k":0,"ix":5},"o":{"a":0,"k":100,"ix":7}}]}],"ind":3},{"ty":4,"nm":"Capa de formas 4","sr":1,"st":0,"op":91,"ip":0,"hd":false,"ddd":0,"bm":0,"hasMask":false,"ao":0,"ks":{"a":{"a":0,"k":[-18.5,-6,0],"ix":1},"s":{"a":0,"k":[100,100,100],"ix":6},"sk":{"a":0,"k":0},"p":{"a":1,"k":[{"o":{"x":0.333,"y":0},"i":{"x":0.667,"y":1},"s":[81,89.5,0],"t":0,"ti":[0,0,0],"to":[-4.476,-5.867,0]},{"o":{"x":1,"y":0},"i":{"x":0.667,"y":1},"s":[54.142,54.297,0],"t":19,"ti":[4.417,0.083,0],"to":[0,0,0]},{"s":[27.642,53.797,0],"t":45}],"ix":2},"r":{"a":0,"k":0,"ix":10},"sa":{"a":0,"k":0},"o":{"a":0,"k":100,"ix":11}},"ef":[],"shapes":[{"ty":"gr","bm":0,"hd":false,"mn":"ADBE Vector Group","nm":"Elipse 1","ix":1,"cix":2,"np":3,"it":[{"ty":"el","bm":0,"hd":false,"mn":"ADBE Vector Shape - Ellipse","nm":"Trazado elíptico 1","d":1,"p":{"a":0,"k":[0,0],"ix":3},"s":{"a":0,"k":[97,97],"ix":2}},{"ty":"st","bm":0,"hd":false,"mn":"ADBE Vector Graphic - Stroke","nm":"Trazo 1","lc":2,"lj":1,"ml":4,"o":{"a":0,"k":100,"ix":4},"w":{"a":0,"k":20,"ix":5},"c":{"a":0,"k":[0,0,0],"ix":3}},{"ty":"tr","a":{"a":0,"k":[0,0],"ix":1},"s":{"a":0,"k":[26.069,26.069],"ix":3},"sk":{"a":0,"k":0,"ix":4},"p":{"a":0,"k":[-18.035,-5.712],"ix":2},"r":{"a":0,"k":430.732,"ix":6},"sa":{"a":0,"k":0,"ix":5},"o":{"a":0,"k":100,"ix":7}}]}],"ind":4},{"ty":4,"nm":"Capa de formas 6","sr":1,"st":0,"op":91,"ip":0,"hd":false,"ddd":0,"bm":0,"hasMask":false,"ao":0,"ks":{"a":{"a":0,"k":[0,0,0],"ix":1},"s":{"a":0,"k":[100,100,100],"ix":6},"sk":{"a":0,"k":0},"p":{"a":0,"k":[26.5,1,0],"ix":2},"r":{"a":0,"k":0,"ix":10},"sa":{"a":0,"k":0},"o":{"a":0,"k":100,"ix":11}},"ef":[],"shapes":[{"ty":"gr","bm":0,"hd":false,"mn":"ADBE Vector Group","nm":"Forma 1","ix":1,"cix":2,"np":4,"it":[{"ty":"sh","bm":0,"hd":false,"mn":"ADBE Vector Shape - Group","nm":"Trazado 2","ix":1,"d":1,"ks":{"a":0,"k":{"c":false,"i":[[0,0],[-6.5,-4.056]],"o":[[9.75,6.083],[0,0]],"v":[[-14.5,8.5],[14.75,26.75]]},"ix":2}},{"ty":"tm","bm":0,"hd":false,"mn":"ADBE Vector Filter - Trim","nm":"Recortar trazados 1","ix":2,"e":{"a":1,"k":[{"o":{"x":0.333,"y":0},"i":{"x":0.667,"y":1},"s":[100],"t":0},{"o":{"x":0.333,"y":0},"i":{"x":0.667,"y":1},"s":[0],"t":10},{"o":{"x":0.333,"y":0},"i":{"x":0.667,"y":1},"s":[0],"t":41},{"s":[100],"t":45}],"ix":2},"o":{"a":0,"k":0,"ix":3},"s":{"a":0,"k":0,"ix":1},"m":1},{"ty":"st","bm":0,"hd":false,"mn":"ADBE Vector Graphic - Stroke","nm":"Trazo 1","lc":2,"lj":1,"ml":4,"o":{"a":0,"k":100,"ix":4},"w":{"a":0,"k":5,"ix":5},"c":{"a":0,"k":[0,0,0],"ix":3}},{"ty":"tr","a":{"a":0,"k":[0,0],"ix":1},"s":{"a":0,"k":[100,100],"ix":3},"sk":{"a":0,"k":0,"ix":4},"p":{"a":0,"k":[0,0],"ix":2},"r":{"a":0,"k":0,"ix":6},"sa":{"a":0,"k":0,"ix":5},"o":{"a":0,"k":100,"ix":7}}]}],"ind":5,"parent":2},{"ty":4,"nm":"Capa de formas 5","sr":1,"st":0,"op":91,"ip":0,"hd":false,"ddd":0,"bm":0,"hasMask":false,"ao":0,"ks":{"a":{"a":0,"k":[0,0,0],"ix":1},"s":{"a":0,"k":[100,100,100],"ix":6},"sk":{"a":0,"k":0},"p":{"a":0,"k":[26.5,1,0],"ix":2},"r":{"a":0,"k":0,"ix":10},"sa":{"a":0,"k":0},"o":{"a":0,"k":100,"ix":11}},"ef":[],"shapes":[{"ty":"gr","bm":0,"hd":false,"mn":"ADBE Vector Group","nm":"Forma 1","ix":1,"cix":2,"np":4,"it":[{"ty":"sh","bm":0,"hd":false,"mn":"ADBE Vector Shape - Group","nm":"Trazado 1","ix":1,"d":1,"ks":{"a":0,"k":{"c":false,"i":[[0,0],[0,0]],"o":[[0,0],[0,0]],"v":[[-15.75,-8.5],[15.5,-28]]},"ix":2}},{"ty":"st","bm":0,"hd":false,"mn":"ADBE Vector Graphic - Stroke","nm":"Trazo 1","lc":2,"lj":1,"ml":4,"o":{"a":0,"k":100,"ix":4},"w":{"a":0,"k":5,"ix":5},"c":{"a":0,"k":[0,0,0],"ix":3}},{"ty":"tm","bm":0,"hd":false,"mn":"ADBE Vector Filter - Trim","nm":"Recortar trazados 1","ix":4,"e":{"a":1,"k":[{"o":{"x":0.333,"y":0},"i":{"x":0.667,"y":1},"s":[100],"t":0},{"o":{"x":0.333,"y":0},"i":{"x":0.667,"y":1},"s":[0],"t":10},{"o":{"x":0.333,"y":0},"i":{"x":0.667,"y":1},"s":[0],"t":41},{"s":[100],"t":45}],"ix":2},"o":{"a":0,"k":0,"ix":3},"s":{"a":0,"k":0,"ix":1},"m":1},{"ty":"tr","a":{"a":0,"k":[0,0],"ix":1},"s":{"a":0,"k":[100,100],"ix":3},"sk":{"a":0,"k":0,"ix":4},"p":{"a":0,"k":[0,0],"ix":2},"r":{"a":0,"k":0,"ix":6},"sa":{"a":0,"k":0,"ix":5},"o":{"a":0,"k":100,"ix":7}}]}],"ind":6,"parent":1},{"ty":4,"nm":"Capa de formas 3","sr":1,"st":0,"op":91,"ip":0,"hd":false,"ddd":0,"bm":0,"hasMask":false,"ao":0,"ks":{"a":{"a":0,"k":[-18.5,-6,0],"ix":1},"s":{"a":0,"k":[100,100,100],"ix":6},"sk":{"a":0,"k":0},"p":{"a":1,"k":[{"o":{"x":0.798,"y":0},"i":{"x":0.221,"y":1},"s":[80.964,18.455,0],"t":0,"ti":[0,-11.833,0],"to":[1.417,6,0]},{"o":{"x":0.976,"y":0},"i":{"x":0.667,"y":1},"s":[89.464,54.455,0],"t":19,"ti":[1.417,-5.833,0],"to":[0,11.833,0]},{"s":[80.964,89.455,0],"t":45}],"ix":2},"r":{"a":0,"k":0,"ix":10},"sa":{"a":0,"k":0},"o":{"a":0,"k":100,"ix":11}},"ef":[],"shapes":[{"ty":"gr","bm":0,"hd":false,"mn":"ADBE Vector Group","nm":"Elipse 1","ix":1,"cix":2,"np":3,"it":[{"ty":"el","bm":0,"hd":false,"mn":"ADBE Vector Shape - Ellipse","nm":"Trazado elíptico 1","d":1,"p":{"a":0,"k":[0,0],"ix":3},"s":{"a":0,"k":[97,97],"ix":2}},{"ty":"st","bm":0,"hd":false,"mn":"ADBE Vector Graphic - Stroke","nm":"Trazo 1","lc":2,"lj":1,"ml":4,"o":{"a":0,"k":100,"ix":4},"w":{"a":0,"k":20,"ix":5},"c":{"a":0,"k":[0,0,0],"ix":3}},{"ty":"tr","a":{"a":0,"k":[0,0],"ix":1},"s":{"a":0,"k":[26.069,26.069],"ix":3},"sk":{"a":0,"k":0,"ix":4},"p":{"a":0,"k":[-18.035,-5.712],"ix":2},"r":{"a":0,"k":430.732,"ix":6},"sa":{"a":0,"k":0,"ix":5},"o":{"a":0,"k":100,"ix":7}}]}],"ind":7},{"ty":4,"nm":"Capa de formas 2","sr":1,"st":0,"op":91,"ip":0,"hd":false,"ddd":0,"bm":0,"hasMask":false,"ao":0,"ks":{"a":{"a":0,"k":[-18.5,-6,0],"ix":1},"s":{"a":0,"k":[100,100,100],"ix":6},"sk":{"a":0,"k":0},"p":{"a":1,"k":[{"o":{"x":0.802,"y":0},"i":{"x":0.667,"y":1},"s":[27.75,54,0],"t":6,"ti":[3.075,0.254,0],"to":[0,0,0]},{"o":{"x":1,"y":0},"i":{"x":0.667,"y":1},"s":[17.75,54,0],"t":19,"ti":[-33.25,-12.75,0],"to":[-0.25,-25.75,0]},{"s":[80.75,18.5,0],"t":45}],"ix":2},"r":{"a":0,"k":0,"ix":10},"sa":{"a":0,"k":0},"o":{"a":0,"k":100,"ix":11}},"ef":[],"shapes":[{"ty":"gr","bm":0,"hd":false,"mn":"ADBE Vector Group","nm":"Elipse 1","ix":1,"cix":2,"np":3,"it":[{"ty":"el","bm":0,"hd":false,"mn":"ADBE Vector Shape - Ellipse","nm":"Trazado elíptico 1","d":1,"p":{"a":0,"k":[0,0],"ix":3},"s":{"a":0,"k":[97,97],"ix":2}},{"ty":"st","bm":0,"hd":false,"mn":"ADBE Vector Graphic - Stroke","nm":"Trazo 1","lc":2,"lj":1,"ml":4,"o":{"a":0,"k":100,"ix":4},"w":{"a":0,"k":20,"ix":5},"c":{"a":0,"k":[0,0,0],"ix":3}},{"ty":"tr","a":{"a":0,"k":[0,0],"ix":1},"s":{"a":0,"k":[26.069,26.069],"ix":3},"sk":{"a":0,"k":0,"ix":4},"p":{"a":0,"k":[-18.035,-5.712],"ix":2},"r":{"a":0,"k":430.732,"ix":6},"sa":{"a":0,"k":0,"ix":5},"o":{"a":0,"k":100,"ix":7}}]}],"ind":8}],"v":"5.5.5","fr":30,"op":49,"ip":0,"assets":[]}